{
  "project_info": {
    "project_number": "115142057783",
    "firebase_url": "https://plantsclassification.firebaseio.com",
    "project_id": "plantsclassification",
    "storage_bucket": "plantsclassification.appspot.com"
  },
  "client": [
    {
      "client_info": {
        "mobilesdk_app_id": "1:115142057783:android:0a1f834fdb281a358e44b2",
        "android_client_info": {
          "package_name": "com.example.plantsclassification"
        }
      },
      "oauth_client": [
        {
          "client_id": "115142057783-s21ll39a3r842j96rndccff0cb8njc55.apps.googleusercontent.com",
          "client_type": 3
        }
      ],
      "api_key": [
        {
          "current_key": "AIzaSyBu6gzOlbGtzWu8p3Hk24ji6EaGsRewvTQ"
        }
      ],
      "services": {
        "appinvite_service": {
          "other_platform_oauth_client": [
            {
              "client_id": "115142057783-s21ll39a3r842j96rndccff0cb8njc55.apps.googleusercontent.com",
              "client_type": 3
            }
          ]
        }
      }
    }
  ],
  "configuration_version": "1"
}